Title,Price,Location,Date
Кондиціонери на будь який Бюждет! [від 7999] *Монтаж* (20 м²-100 м²),7 999 грн.,Состояние: Новое,Сегодня в 07:14
Кондиціонери на будь який Бюждет! [від 7999] *Монтаж* (20 м²-100 м²),7 999 грн.,Состояние: Новое,Сегодня в 07:14
Подшипники шпиндельные підшипники станочні,115 грн.,Состояние: Новое,05 мая 2024 г.
Подшипники шпиндельные підшипники станочні,115 грн.,Состояние: Новое,05 мая 2024 г.
Кондиционер установка продажа под ключ 20м2,13 500 грн.,Состояние: Новое,06 мая 2024 г.
Кондиционер установка продажа под ключ 20м2,13 500 грн.,Состояние: Новое,06 мая 2024 г.
"Внутренний блок кондиционера Мидея , Midea.",2 500 грн.,Состояние: Б/у,Сегодня в 08:16
"Внутренний блок кондиционера Мидея , Midea.",2 500 грн.,Состояние: Б/у,Сегодня в 08:16
Бойлер Superlux  NTS 100V,4 800 грн.,Состояние: Б/у,Сегодня в 08:15
Бойлер Superlux  NTS 100V,4 800 грн.,Состояние: Б/у,Сегодня в 08:15
Регулятор скорости для вентиляторов 01-500 220Вт,420 грн.,Состояние: Новое,Сегодня в 08:09
Регулятор скорости для вентиляторов 01-500 220Вт,420 грн.,Состояние: Новое,Сегодня в 08:09
Привод электрический для смесительного клапана,1 500 грн.,Состояние: Новое,Сегодня в 08:05
Привод электрический для смесительного клапана,1 500 грн.,Состояние: Новое,Сегодня в 08:05
Ультразвуковий зволожувач,600 грн.,Состояние: Б/у,Сегодня в 08:13
Ультразвуковий зволожувач,600 грн.,Состояние: Б/у,Сегодня в 08:13
Neoclima NU-24AUN Кондиціонер спліт,5 000 грн.,Состояние: Б/у,Сегодня в 08:07
Neoclima NU-24AUN Кондиціонер спліт,5 000 грн.,Состояние: Б/у,Сегодня в 08:07
Вентилятор Reca 3-х скорости,600 грн.,Состояние: Новое,Сегодня в 08:11
Вентилятор Reca 3-х скорости,600 грн.,Состояние: Новое,Сегодня в 08:11
"Водонагрівач проточний, корейський",2 500 грн.,Состояние: Б/у,Сегодня в 08:01
"Водонагрівач проточний, корейський",2 500 грн.,Состояние: Б/у,Сегодня в 08:01
Кондиціонер Cooper&Hunter CH-S07XN8/S09/S12/S18/S24 по супер знижкам!,13 100 грн.,Состояние: Новое,Сегодня в 08:15
Кондиціонер Cooper&Hunter CH-S07XN8/S09/S12/S18/S24 по супер знижкам!,13 100 грн.,Состояние: Новое,Сегодня в 08:15
Водонагреватель Gorenje GBK 120 LN,6 000 грн.,Состояние: Б/у,Сегодня в 08:03
Водонагреватель Gorenje GBK 120 LN,6 000 грн.,Состояние: Б/у,Сегодня в 08:03
Бойлер Koln 80л(СУХИЙ ТЕН)Німеччина.Безкоштовна доставка,6 950 грн.,Состояние: Новое,Сегодня в 05:27
Бойлер Koln 80л(СУХИЙ ТЕН)Німеччина.Безкоштовна доставка,6 950 грн.,Состояние: Новое,Сегодня в 05:27
Інверторний кондиціонер 70м.кв. Electrolux EACS/1-24HAV/N8_19Y/IN,25 000 грн.,Состояние: Новое,06 мая 2024 г.
Інверторний кондиціонер 70м.кв. Electrolux EACS/1-24HAV/N8_19Y/IN,25 000 грн.,Состояние: Новое,06 мая 2024 г.
"Olmo OSH-10LDH Inventa Кондиционер ,установка,доставка.",10 600 грн.,Состояние: Новое,Сегодня в 06:53
"Olmo OSH-10LDH Inventa Кондиционер ,установка,доставка.",10 600 грн.,Состояние: Новое,Сегодня в 06:53
Продается автоматика  vaillant VRS 410,1 800 грн.,Состояние: Новое,Сегодня в 08:06
Продается автоматика  vaillant VRS 410,1 800 грн.,Состояние: Новое,Сегодня в 08:06
бойлер на запчастини,600 грн.,Состояние: Б/у,Сегодня в 08:03
бойлер на запчастини,600 грн.,Состояние: Б/у,Сегодня в 08:03
Кондиционер Delfa 07,4 000 грн.,Состояние: Б/у,Сегодня в 08:01
Кондиционер Delfa 07,4 000 грн.,Состояние: Б/у,Сегодня в 08:01
РОЗПРОДАЖ⁉️ Зволожувач повітря Kinscoter з ефектом полум'я Білий,230 грн.,Состояние: Новое,Сегодня в 08:04
РОЗПРОДАЖ⁉️ Зволожувач повітря Kinscoter з ефектом полум'я Білий,230 грн.,Состояние: Новое,Сегодня в 08:04
Кондиціонер мобільний моноблок WetAir Стан 9/10,5 999 грн.,Состояние: Б/у,Сегодня в 08:09
Кондиціонер мобільний моноблок WetAir Стан 9/10,5 999 грн.,Состояние: Б/у,Сегодня в 08:09
Мобільний кондиціонер Neoclima Mobile NSU-12AMB,10 000 грн.,Состояние: Б/у,Сегодня в 08:01
Мобільний кондиціонер Neoclima Mobile NSU-12AMB,10 000 грн.,Состояние: Б/у,Сегодня в 08:01
"Кондиционер  C&H, Gree, Cooper&Hunter - склада, монтаж  РАСПРОДАЖА!!",8 500 грн.,Состояние: Новое,Сегодня в 08:00
"Кондиционер  C&H, Gree, Cooper&Hunter - склада, монтаж  РАСПРОДАЖА!!",8 500 грн.,Состояние: Новое,Сегодня в 08:00
Зволожувач повітря,500 грн.,Состояние: Б/у,Сегодня в 08:15
Зволожувач повітря,500 грн.,Состояние: Б/у,Сегодня в 08:15
Бойлер IQ-THERM Classic-CLV100DRY,9 500 грн.,Состояние: Новое,Сегодня в 08:03
Бойлер IQ-THERM Classic-CLV100DRY,9 500 грн.,Состояние: Новое,Сегодня в 08:03
Кондиціонер Cooper Hunter CH-S07FTXF2-NG WiFi Vital Inverter МОНТАЖ,15 999 грн.,Стан: Нове,07 травня 2024 р.
Кондиціонер Cooper Hunter CH-S07FTXF2-NG WiFi Vital Inverter МОНТАЖ,15 999 грн.,Стан: Нове,07 травня 2024 р.
Электрический конвектор настенный обогреватель,2 000 грн.,Стан: Нове,Сьогодні о 06:43
Электрический конвектор настенный обогреватель,2 000 грн.,Стан: Нове,Сьогодні о 06:43
Вентілятор Stadler form Leo,3 500 грн.,Стан: Вживане,06 травня 2024 р.
Вентілятор Stadler form Leo,3 500 грн.,Стан: Вживане,06 травня 2024 р.
Бойлер 100 літрів Ariston,7 000 грн.,Стан: Вживане,Сьогодні о 07:58
Бойлер 100 літрів Ariston,7 000 грн.,Стан: Вживане,Сьогодні о 07:58
Цифрові термометри 12В,250 грн.,Стан: Вживане,Сьогодні о 07:53
Цифрові термометри 12В,250 грн.,Стан: Вживане,Сьогодні о 07:53
Водонагрівач Banzai 100 літрів продаж на деталі,2 050 грн.,Стан: Вживане,Сьогодні о 07:48
Водонагрівач Banzai 100 літрів продаж на деталі,2 050 грн.,Стан: Вживане,Сьогодні о 07:48
Программатор терморегулятор термостат SALUS WQ610RF,5 800 грн.,Стан: Нове,Сьогодні о 07:58
Программатор терморегулятор термостат SALUS WQ610RF,5 800 грн.,Стан: Нове,Сьогодні о 07:58
Терморегулятор термостат SALUS RT200,900 грн.,Стан: Нове,Сьогодні о 07:58
Терморегулятор термостат SALUS RT200,900 грн.,Стан: Нове,Сьогодні о 07:58
індикатор опору   м 57 д,400 грн.,Стан: Нове,Сьогодні о 07:56
індикатор опору   м 57 д,400 грн.,Стан: Нове,Сьогодні о 07:56
Новий німецький конвектор KUMTEL HC-2947 обігрівач,1 200 грн.,Стан: Нове,Сьогодні о 07:59
Новий німецький конвектор KUMTEL HC-2947 обігрівач,1 200 грн.,Стан: Нове,Сьогодні о 07:59
Тепловентилятор Nomi SFH-02,299 грн.,Стан: Нове,Сьогодні о 07:47
Тепловентилятор Nomi SFH-02,299 грн.,Стан: Нове,Сьогодні о 07:47
"Распродажа Кондиционер Cooper&Hunter, Gree, Tosot, Midea, Olmo",7 900 грн.,Стан: Нове,Сьогодні о 08:21
"Распродажа Кондиционер Cooper&Hunter, Gree, Tosot, Midea, Olmo",7 900 грн.,Стан: Нове,Сьогодні о 08:21
Обігрівач кімнатний,650 грн.,Стан: Нове,Сьогодні о 07:54
Обігрівач кімнатний,650 грн.,Стан: Нове,Сьогодні о 07:54
кондиционер б у установка продажа ремонт,4 500 грн.,Стан: Вживане,06 травня 2024 р.
кондиционер б у установка продажа ремонт,4 500 грн.,Стан: Вживане,06 травня 2024 р.
Бойлер Novatec от 3600 грн. в Одессе,3 600 грн.,Стан: Нове,Сьогодні о 08:06
Бойлер Novatec от 3600 грн. в Одессе,3 600 грн.,Стан: Нове,Сьогодні о 08:06
Кондиционеры LG SAMSUNG MITSUBISHI.Лучшие цены в Запорожье!,9 000 грн.,Стан: Нове,Сьогодні о 06:28
Кондиционеры LG SAMSUNG MITSUBISHI.Лучшие цены в Запорожье!,9 000 грн.,Стан: Нове,Сьогодні о 06:28
"Кондиционер Gree, Cooper&Hunter - Распродажа склада, монтаж",7 900 грн.,Стан: Нове,Сьогодні о 07:49
"Кондиционер Gree, Cooper&Hunter - Распродажа склада, монтаж",7 900 грн.,Стан: Нове,Сьогодні о 07:49
"Барометр,гігрометр,термометр Кабінетний набір.",1 250 грн.,Стан: Вживане,Сьогодні о 07:59
"Барометр,гігрометр,термометр Кабінетний набір.",1 250 грн.,Стан: Вживане,Сьогодні о 07:59
Кондиціонери РОЗПРОДАЖ СКЛАДУ!!!,7 990 грн.,Стан: Нове,Сьогодні о 07:52
Кондиціонери РОЗПРОДАЖ СКЛАДУ!!!,7 990 грн.,Стан: Нове,Сьогодні о 07:52
Продам масляний радіатор Hansa оригінальний,1 455 грн.,Стан: Вживане,Сьогодні о 07:54
Продам масляний радіатор Hansa оригінальний,1 455 грн.,Стан: Вживане,Сьогодні о 07:54
"Пірометр Mestek IR02C до 800ºC, точка роси, вологість, термопара",1 190 грн.,Стан: Нове,Сьогодні о 07:58
"Пірометр Mestek IR02C до 800ºC, точка роси, вологість, термопара",1 190 грн.,Стан: Нове,Сьогодні о 07:58
"Кондиционер  C&H, Gree, Cooper&Hunter - склада, монтаж  РАСПРОДАЖА!!",8 500 грн.,Стан: Нове,Сьогодні о 08:00
"Кондиционер  C&H, Gree, Cooper&Hunter - склада, монтаж  РАСПРОДАЖА!!",8 500 грн.,Стан: Нове,Сьогодні о 08:00
Инверторный кондиционер LG Gallery LG A09FT Картина,51 000 грн.,Стан: Нове,Сьогодні о 08:00
Инверторный кондиционер LG Gallery LG A09FT Картина,51 000 грн.,Стан: Нове,Сьогодні о 08:00
Ханні розетки. Каллізія. Олх-доставка. 2 шт за 50 грн,100 грн.,Стан: Нове,Сьогодні о 07:46
Ханні розетки. Каллізія. Олх-доставка. 2 шт за 50 грн,100 грн.,Стан: Нове,Сьогодні о 07:46
Обігрівач UFO 1900 Star,4 950 грн.,Стан: Нове,Сьогодні о 07:47
Обігрівач UFO 1900 Star,4 950 грн.,Стан: Нове,Сьогодні о 07:47
Кондиціонер мобільний ELECTROLUX EACM-13 CL/N3,11 000 грн.,Стан: Нове,05 травня 2024 р.
Кондиціонер мобільний ELECTROLUX EACM-13 CL/N3,11 000 грн.,Стан: Нове,05 травня 2024 р.
"Вентилятор,Воздушный охладитель воздуха,воздухоохладитель Klarstein",2 500 грн.,Стан: Нове,07 травня 2024 р.
"Вентилятор,Воздушный охладитель воздуха,воздухоохладитель Klarstein",2 500 грн.,Стан: Нове,07 травня 2024 р.
"Магниевый анод Италия ОРИГИНАЛ для любого бойлера, резьба м4,м5,м6,м8",67 грн.,Стан: Нове,29 квітня 2024 р.
"Магниевый анод Италия ОРИГИНАЛ для любого бойлера, резьба м4,м5,м6,м8",67 грн.,Стан: Нове,29 квітня 2024 р.
Інверторні кондиціонери для вашого дому!,15 000 грн.,Стан: Нове,Сьогодні о 07:40
Інверторні кондиціонери для вашого дому!,15 000 грн.,Стан: Нове,Сьогодні о 07:40
Термометр-сигналізатор ТС-036-3Д-а,400 грн.,Стан: Вживане,Сьогодні о 07:40
Термометр-сигналізатор ТС-036-3Д-а,400 грн.,Стан: Вживане,Сьогодні о 07:40
Топ! Кондитерская витрина Cold C-12G (красный) | Freddo | *3шт.*,26 500 грн.,Стан: Вживане,Сьогодні о 07:39
Топ! Кондитерская витрина Cold C-12G (красный) | Freddo | *3шт.*,26 500 грн.,Стан: Вживане,Сьогодні о 07:39
Премиум! Холодильная витрина ТехноХолод Carolina (белая) 2м. | Freddo,31 500 грн.,Стан: Вживане,Сьогодні о 07:36
Премиум! Холодильная витрина ТехноХолод Carolina (белая) 2м. | Freddo,31 500 грн.,Стан: Вживане,Сьогодні о 07:36
Новинка! Холодильная витрина ТехноХолод Sonata 1.6м. | Freddo | *2шт.*,32 000 грн.,Стан: Вживане,Сьогодні о 07:33
Новинка! Холодильная витрина ТехноХолод Sonata 1.6м. | Freddo | *2шт.*,32 000 грн.,Стан: Вживане,Сьогодні о 07:33
Бойлер Ariston 100л 2шт,2 000 грн.,Стан: Вживане,Сьогодні о 07:39
Бойлер Ariston 100л 2шт,2 000 грн.,Стан: Вживане,Сьогодні о 07:39
Монтажний комплект MIELE,3 500 грн.,Стан: Нове,Сьогодні о 07:33
Монтажний комплект MIELE,3 500 грн.,Стан: Нове,Сьогодні о 07:33
"Современные Полотенцесушители c таймером электрический, водяной",2 240 грн.,Стан: Нове,Сьогодні о 07:36
"Современные Полотенцесушители c таймером электрический, водяной",2 240 грн.,Стан: Нове,Сьогодні о 07:36
"Кондиціонер, кондиционер MIDEA MSAG-09HRFN8-O",19 500 грн.,Стан: Нове,Сьогодні о 07:41
"Кондиціонер, кондиционер MIDEA MSAG-09HRFN8-O",19 500 грн.,Стан: Нове,Сьогодні о 07:41
Кондиціонер (Спліт-система) - GAC-07GH (GRUNHELM),7 800 грн.,Стан: Нове,Сьогодні о 07:42
Кондиціонер (Спліт-система) - GAC-07GH (GRUNHELM),7 800 грн.,Стан: Нове,Сьогодні о 07:42
Ликвидация Салона Кондиционеров Дёшево Установка Гарантия Доставка,10 400 грн.,Стан: Нове,07 травня 2024 р.
Ликвидация Салона Кондиционеров Дёшево Установка Гарантия Доставка,10 400 грн.,Стан: Нове,07 травня 2024 р.
Осушувач повітря Klarstein 60л в добу,12 000 грн.,Стан: Нове,07 травня 2024 р.
Осушувач повітря Klarstein 60л в добу,12 000 грн.,Стан: Нове,07 травня 2024 р.
testo 410i анемометр з крильчаткою та Bluetooth,5 500 грн.,Стан: Нове,05 травня 2024 р.
testo 410i анемометр з крильчаткою та Bluetooth,5 500 грн.,Стан: Нове,05 травня 2024 р.
Зволожувач повітря Steba LB 9,850 грн.,Стан: Вживане,Сьогодні о 07:38
Зволожувач повітря Steba LB 9,850 грн.,Стан: Вживане,Сьогодні о 07:38
Увлажнитель воздуха GORENJE H17BY,350 грн.,Стан: Вживане,Сьогодні о 07:28
Увлажнитель воздуха GORENJE H17BY,350 грн.,Стан: Вживане,Сьогодні о 07:28
"Кран проточный водонагреватель, с подогревом, смеситель, бойлер",415 грн.,Стан: Нове,Сьогодні о 07:42
"Кран проточный водонагреватель, с подогревом, смеситель, бойлер",415 грн.,Стан: Нове,Сьогодні о 07:42
"Современные Полотенцесушители, от производителя!",3 210 грн.,Стан: Нове,Сьогодні о 07:38
"Современные Полотенцесушители, от производителя!",3 210 грн.,Стан: Нове,Сьогодні о 07:38
"Кран с душем, с подогревом, водонагреватель, бойлер, есть опт",525 грн.,Стан: Нове,Сьогодні о 07:42
"Кран с душем, с подогревом, водонагреватель, бойлер, есть опт",525 грн.,Стан: Нове,Сьогодні о 07:42
"Кран с подогревом, водонагреватель, смеситель, бойлер, есть опт",415 грн.,Стан: Нове,Сьогодні о 07:42
"Кран с подогревом, водонагреватель, смеситель, бойлер, есть опт",415 грн.,Стан: Нове,Сьогодні о 07:42
Вентиль мембранный кв-1м кислородный углекислота аргон гелий,465 грн.,Стан: Вживане,Сьогодні о 07:36
Вентиль мембранный кв-1м кислородный углекислота аргон гелий,465 грн.,Стан: Вживане,Сьогодні о 07:36
"Термодатчик, датчик температуры терморегулятора теплого пола.",150 грн.,Стан: Нове,Сьогодні о 07:40
"Термодатчик, датчик температуры терморегулятора теплого пола.",150 грн.,Стан: Нове,Сьогодні о 07:40
Продам своложувач повітря MONHOUSE,1 500 грн.,Стан: Нове,Сьогодні о 07:31
Продам своложувач повітря MONHOUSE,1 500 грн.,Стан: Нове,Сьогодні о 07:31
